CREATE TABLE restaurante (
    id SERIAL PRIMARY KEY,
    nome VARCHAR(255) NOT NULL,
    taxa_frete DECIMAL(5, 2) NOT NULL,
    cozinha_id INT NOT NULL,
    data_cadastro TIMESTAMPTZ DEFAULT CURRENT_TIMESTAMP,
    data_atualizacao TIMESTAMPTZ DEFAULT CURRENT_TIMESTAMP,
    endereco_cidade_id INT,
    endereco_cep VARCHAR(10),
    endereco_logradouro VARCHAR(255),
    endereco_numero VARCHAR(10),
    endereco_bairro VARCHAR(255),
    FOREIGN KEY (cozinha_id) REFERENCES cozinha(id),
    FOREIGN KEY (endereco_cidade_id) REFERENCES cidade(id)
);

insert into cozinha (id, nome) values (1, 'Tailandesa');
insert into cozinha (id, nome) values (2, 'Indiana');

insert into estado (id, nome) values (1, 'Minas Gerais');
insert into estado (id, nome) values (2, 'São Paulo');
insert into estado (id, nome) values (3, 'Ceará');

insert into cidade (id, nome, estado_id) values (1, 'Uberlândia', 1);
insert into cidade (id, nome, estado_id) values (2, 'Belo Horizonte', 1);
insert into cidade (id, nome, estado_id) values (3, 'São Paulo', 2);
insert into cidade (id, nome, estado_id) values (4, 'Campinas', 2);
insert into cidade (id, nome, estado_id) values (5, 'Fortaleza', 3);

insert into forma_pagamento (id, descricao) values (1, 'Cartão de crédito');
insert into forma_pagamento (id, descricao) values (2, 'Cartão de débito');
insert into forma_pagamento (id, descricao) values (3, 'Dinheiro');

insert into permissao (id, nome, descricao) values (1, 'CONSULTAR_COZINHAS', 'Permite consultar cozinhas');
insert into permissao (id, nome, descricao) values (2, 'EDITAR_COZINHAS', 'Permite editar cozinhas');

insert into restaurante_forma_pagamento (restaurante_id, forma_pagamento_id) values (1, 1), (1, 2), (1, 3), (2, 3), (3, 2), (3, 3);